datetime,predicted_price
2022-05-01 00:00:00,220.77086
2022-05-01 01:00:00,307.5941
2022-05-01 02:00:00,321.1396
2022-05-01 03:00:00,318.27783
2022-05-01 04:00:00,299.682
2022-05-01 05:00:00,333.16663
2022-05-01 06:00:00,290.09296
2022-05-01 07:00:00,328.5912
2022-05-01 08:00:00,315.54492
2022-05-01 09:00:00,308.23068
2022-05-01 10:00:00,273.46207
2022-05-01 11:00:00,292.39038
2022-05-01 12:00:00,271.9259
2022-05-01 13:00:00,240.44652
2022-05-01 14:00:00,254.10574
2022-05-01 15:00:00,290.70294
2022-05-01 16:00:00,286.0622
2022-05-01 17:00:00,296.5694
2022-05-01 18:00:00,340.1041
2022-05-01 19:00:00,384.34506
2022-05-01 20:00:00,381.06146
2022-05-01 21:00:00,368.6014
2022-05-01 22:00:00,356.11462
2022-05-01 23:00:00,353.84723
2022-05-02 00:00:00,179.20424
2022-05-02 01:00:00,333.4899
2022-05-02 02:00:00,346.679
2022-05-02 03:00:00,338.05865
2022-05-02 04:00:00,302.17468
2022-05-02 05:00:00,330.70712
2022-05-02 06:00:00,356.31866
2022-05-02 07:00:00,353.52594
2022-05-02 08:00:00,346.21786
2022-05-02 09:00:00,342.5279
2022-05-02 10:00:00,354.8902
2022-05-02 11:00:00,354.90186
2022-05-02 12:00:00,341.85712
2022-05-02 13:00:00,332.08987
2022-05-02 14:00:00,329.85187
2022-05-02 15:00:00,322.8627
2022-05-02 16:00:00,329.5903
2022-05-02 17:00:00,346.30072
2022-05-02 18:00:00,328.1668
2022-05-02 19:00:00,319.73102
2022-05-02 20:00:00,330.99942
2022-05-02 21:00:00,331.1126
2022-05-02 22:00:00,347.85956
2022-05-02 23:00:00,336.58713
2022-05-03 00:00:00,188.81418
2022-05-03 01:00:00,306.18155
2022-05-03 02:00:00,329.4815
2022-05-03 03:00:00,305.02213
2022-05-03 04:00:00,338.87473
2022-05-03 05:00:00,348.44296
2022-05-03 06:00:00,339.73746
2022-05-03 07:00:00,329.74054
2022-05-03 08:00:00,313.46747
2022-05-03 09:00:00,313.72995
2022-05-03 10:00:00,324.9139
2022-05-03 11:00:00,325.94366
2022-05-03 12:00:00,306.407
2022-05-03 13:00:00,331.18085
2022-05-03 14:00:00,301.62628
2022-05-03 15:00:00,289.74417
2022-05-03 16:00:00,328.49875
2022-05-03 17:00:00,328.3378
2022-05-03 18:00:00,323.0618
2022-05-03 19:00:00,336.33554
2022-05-03 20:00:00,338.14465
2022-05-03 21:00:00,332.30103
2022-05-03 22:00:00,319.2094
2022-05-03 23:00:00,329.1041
2022-05-04 00:00:00,183.84088
2022-05-04 01:00:00,321.6901
2022-05-04 02:00:00,316.86627
2022-05-04 03:00:00,300.88638
2022-05-04 04:00:00,327.0936
2022-05-04 05:00:00,308.49548
2022-05-04 06:00:00,333.16245
2022-05-04 07:00:00,337.1927
2022-05-04 08:00:00,340.11664
2022-05-04 09:00:00,339.10764
2022-05-04 10:00:00,322.13776
2022-05-04 11:00:00,349.86127
2022-05-04 12:00:00,334.7033
2022-05-04 13:00:00,314.82578
2022-05-04 14:00:00,325.9519
2022-05-04 15:00:00,337.41165
2022-05-04 16:00:00,338.90674
2022-05-04 17:00:00,322.03928
2022-05-04 18:00:00,336.60648
2022-05-04 19:00:00,340.31253
2022-05-04 20:00:00,338.78476
2022-05-04 21:00:00,339.9555
2022-05-04 22:00:00,339.99847
2022-05-04 23:00:00,317.34518
2022-05-05 00:00:00,168.81218
2022-05-05 01:00:00,293.76666
2022-05-05 02:00:00,290.85632
2022-05-05 03:00:00,278.2974
2022-05-05 04:00:00,309.54968
2022-05-05 05:00:00,321.1859
2022-05-05 06:00:00,334.46066
2022-05-05 07:00:00,316.37396
2022-05-05 08:00:00,328.6392
2022-05-05 09:00:00,309.38812
2022-05-05 10:00:00,295.72272
2022-05-05 11:00:00,317.46967
2022-05-05 12:00:00,337.37338
2022-05-05 13:00:00,305.1405
2022-05-05 14:00:00,328.57925
2022-05-05 15:00:00,330.1452
2022-05-05 16:00:00,330.4677
2022-05-05 17:00:00,331.7431
2022-05-05 18:00:00,300.42673
2022-05-05 19:00:00,318.15436
2022-05-05 20:00:00,323.44394
2022-05-05 21:00:00,332.82306
2022-05-05 22:00:00,332.67587
2022-05-05 23:00:00,295.0209
2022-05-06 00:00:00,146.18396
2022-05-06 01:00:00,296.57477
2022-05-06 02:00:00,261.22668
2022-05-06 03:00:00,261.35672
2022-05-06 04:00:00,286.15143
2022-05-06 05:00:00,323.89066
2022-05-06 06:00:00,319.57443
2022-05-06 07:00:00,307.8383
2022-05-06 08:00:00,309.2129
2022-05-06 09:00:00,286.51767
2022-05-06 10:00:00,322.7143
2022-05-06 11:00:00,325.39307
2022-05-06 12:00:00,328.90692
2022-05-06 13:00:00,326.8444
2022-05-06 14:00:00,311.85654
2022-05-06 15:00:00,326.04697
2022-05-06 16:00:00,328.3997
2022-05-06 17:00:00,325.6885
2022-05-06 18:00:00,296.09286
2022-05-06 19:00:00,291.03555
2022-05-06 20:00:00,321.67395
2022-05-06 21:00:00,318.53116
2022-05-06 22:00:00,293.2866
2022-05-06 23:00:00,294.01193
2022-05-07 00:00:00,169.43977
2022-05-07 01:00:00,330.48715
2022-05-07 02:00:00,321.48175
2022-05-07 03:00:00,320.99796
2022-05-07 04:00:00,321.28967
2022-05-07 05:00:00,320.839
2022-05-07 06:00:00,324.2394
2022-05-07 07:00:00,326.95767
2022-05-07 08:00:00,325.40738
2022-05-07 09:00:00,327.3108
2022-05-07 10:00:00,301.0304
2022-05-07 11:00:00,313.19342
2022-05-07 12:00:00,292.1159
2022-05-07 13:00:00,295.16287
2022-05-07 14:00:00,305.24863
2022-05-07 15:00:00,304.57346
2022-05-07 16:00:00,262.44458
2022-05-07 17:00:00,309.94962
2022-05-07 18:00:00,319.36978
2022-05-07 19:00:00,325.11667
2022-05-07 20:00:00,324.89102
2022-05-07 21:00:00,324.32596
2022-05-07 22:00:00,310.2819
2022-05-07 23:00:00,290.8687
2022-05-08 00:00:00,119.074196
2022-05-08 01:00:00,268.87595
2022-05-08 02:00:00,274.19656
2022-05-08 03:00:00,276.29745
2022-05-08 04:00:00,274.4737
2022-05-08 05:00:00,279.1989
2022-05-08 06:00:00,279.95425
2022-05-08 07:00:00,297.12732
2022-05-08 08:00:00,296.586
2022-05-08 09:00:00,296.39752
2022-05-08 10:00:00,288.76
2022-05-08 11:00:00,295.4077
2022-05-08 12:00:00,283.27072
2022-05-08 13:00:00,281.19043
2022-05-08 14:00:00,287.10843
2022-05-08 15:00:00,251.45308
2022-05-08 16:00:00,296.3928
2022-05-08 17:00:00,297.85873
2022-05-08 18:00:00,325.41168
2022-05-08 19:00:00,339.754
2022-05-08 20:00:00,341.31808
2022-05-08 21:00:00,333.21817
2022-05-08 22:00:00,332.13913
2022-05-08 23:00:00,324.82758
2022-05-09 00:00:00,148.03032
2022-05-09 01:00:00,297.62967
2022-05-09 02:00:00,296.15396
2022-05-09 03:00:00,296.8536
2022-05-09 04:00:00,299.9798
2022-05-09 05:00:00,314.67303
2022-05-09 06:00:00,296.05643
2022-05-09 07:00:00,311.21167
2022-05-09 08:00:00,308.13568
2022-05-09 09:00:00,290.7076
2022-05-09 10:00:00,314.836
2022-05-09 11:00:00,301.16254
2022-05-09 12:00:00,301.68768
2022-05-09 13:00:00,301.2131
2022-05-09 14:00:00,313.6353
2022-05-09 15:00:00,296.23477
2022-05-09 16:00:00,309.2668
2022-05-09 17:00:00,321.74368
2022-05-09 18:00:00,293.87186
2022-05-09 19:00:00,293.78418
2022-05-09 20:00:00,311.92075
2022-05-09 21:00:00,312.02838
2022-05-09 22:00:00,294.35944
2022-05-09 23:00:00,298.5389
2022-05-10 00:00:00,156.43494
2022-05-10 01:00:00,302.04022
2022-05-10 02:00:00,300.27148
2022-05-10 03:00:00,300.81436
2022-05-10 04:00:00,302.98697
2022-05-10 05:00:00,309.7679
2022-05-10 06:00:00,324.6029
2022-05-10 07:00:00,314.21985
2022-05-10 08:00:00,315.88947
2022-05-10 09:00:00,324.22675
2022-05-10 10:00:00,277.3653
2022-05-10 11:00:00,266.26825
2022-05-10 12:00:00,274.82727
2022-05-10 13:00:00,271.91034
2022-05-10 14:00:00,284.35147
2022-05-10 15:00:00,280.34424
2022-05-10 16:00:00,275.11145
2022-05-10 17:00:00,301.11743
2022-05-10 18:00:00,317.54645
2022-05-10 19:00:00,325.23135
2022-05-10 20:00:00,324.7265
2022-05-10 21:00:00,323.06027
2022-05-10 22:00:00,324.84738
2022-05-10 23:00:00,321.4059
2022-05-11 00:00:00,101.968544
2022-05-11 01:00:00,281.07913
2022-05-11 02:00:00,279.47247
2022-05-11 03:00:00,316.5385
2022-05-11 04:00:00,297.21536
2022-05-11 05:00:00,315.9338
2022-05-11 06:00:00,337.18094
2022-05-11 07:00:00,300.43835
2022-05-11 08:00:00,303.56976
2022-05-11 09:00:00,320.73505
2022-05-11 10:00:00,296.0281
2022-05-11 11:00:00,283.78815
2022-05-11 12:00:00,262.61826
2022-05-11 13:00:00,263.6694
2022-05-11 14:00:00,263.1259
2022-05-11 15:00:00,274.86734
2022-05-11 16:00:00,273.24445
2022-05-11 17:00:00,276.89856
2022-05-11 18:00:00,323.57224
2022-05-11 19:00:00,327.13144
2022-05-11 20:00:00,327.65012
2022-05-11 21:00:00,328.48553
2022-05-11 22:00:00,316.42432
2022-05-11 23:00:00,334.9697
2022-05-12 00:00:00,90.31144
2022-05-12 01:00:00,276.7382
2022-05-12 02:00:00,251.27888
2022-05-12 03:00:00,257.44876
2022-05-12 04:00:00,263.23422
2022-05-12 05:00:00,263.295
2022-05-12 06:00:00,296.2548
2022-05-12 07:00:00,280.5819
2022-05-12 08:00:00,292.449
2022-05-12 09:00:00,298.0486
2022-05-12 10:00:00,269.1139
2022-05-12 11:00:00,268.89313
2022-05-12 12:00:00,256.43518
2022-05-12 13:00:00,259.13806
2022-05-12 14:00:00,257.32336
2022-05-12 15:00:00,253.19958
2022-05-12 16:00:00,295.0101
2022-05-12 17:00:00,307.25708
2022-05-12 18:00:00,302.1803
2022-05-12 19:00:00,302.1028
2022-05-12 20:00:00,300.7111
2022-05-12 21:00:00,310.06686
2022-05-12 22:00:00,290.71973
2022-05-12 23:00:00,314.6301
2022-05-13 00:00:00,116.340775
2022-05-13 01:00:00,316.1887
2022-05-13 02:00:00,303.58472
2022-05-13 03:00:00,303.51492
2022-05-13 04:00:00,301.71075
2022-05-13 05:00:00,305.54492
2022-05-13 06:00:00,327.8356
2022-05-13 07:00:00,318.05225
2022-05-13 08:00:00,317.89188
2022-05-13 09:00:00,321.59958
2022-05-13 10:00:00,292.80576
2022-05-13 11:00:00,280.41232
2022-05-13 12:00:00,249.95662
2022-05-13 13:00:00,248.97032
2022-05-13 14:00:00,263.95804
2022-05-13 15:00:00,265.39377
2022-05-13 16:00:00,267.16183
2022-05-13 17:00:00,277.60703
2022-05-13 18:00:00,294.47812
2022-05-13 19:00:00,305.36917
2022-05-13 20:00:00,337.28824
2022-05-13 21:00:00,313.14658
2022-05-13 22:00:00,326.85046
2022-05-13 23:00:00,314.3137
2022-05-14 00:00:00,74.36379
2022-05-14 01:00:00,315.8149
2022-05-14 02:00:00,314.39194
2022-05-14 03:00:00,318.87592
2022-05-14 04:00:00,318.48016
2022-05-14 05:00:00,310.42288
2022-05-14 06:00:00,291.95328
2022-05-14 07:00:00,323.64505
2022-05-14 08:00:00,316.08835
2022-05-14 09:00:00,318.23785
2022-05-14 10:00:00,303.1517
2022-05-14 11:00:00,252.34628
2022-05-14 12:00:00,268.84976
2022-05-14 13:00:00,249.82445
2022-05-14 14:00:00,253.6544
2022-05-14 15:00:00,249.22585
2022-05-14 16:00:00,252.52312
2022-05-14 17:00:00,259.31912
2022-05-14 18:00:00,331.37872
2022-05-14 19:00:00,331.84573
2022-05-14 20:00:00,323.4823
2022-05-14 21:00:00,323.44034
2022-05-14 22:00:00,320.12683
2022-05-14 23:00:00,316.37994
2022-05-15 00:00:00,79.148026
2022-05-15 01:00:00,288.17
2022-05-15 02:00:00,292.0317
2022-05-15 03:00:00,293.73697
2022-05-15 04:00:00,290.15363
2022-05-15 05:00:00,293.55914
2022-05-15 06:00:00,292.57898
2022-05-15 07:00:00,275.5068
2022-05-15 08:00:00,273.5135
2022-05-15 09:00:00,317.66962
2022-05-15 10:00:00,247.89198
2022-05-15 11:00:00,247.64136
2022-05-15 12:00:00,247.12263
2022-05-15 13:00:00,247.23984
2022-05-15 14:00:00,220.92877
2022-05-15 15:00:00,220.92096
2022-05-15 16:00:00,261.53323
2022-05-15 17:00:00,296.65402
2022-05-15 18:00:00,314.1244
2022-05-15 19:00:00,317.28516
2022-05-15 20:00:00,332.07388
2022-05-15 21:00:00,300.2126
2022-05-15 22:00:00,298.14584
2022-05-15 23:00:00,282.45633
2022-05-16 00:00:00,121.05165
2022-05-16 01:00:00,271.71777
2022-05-16 02:00:00,272.0928
2022-05-16 03:00:00,272.47232
2022-05-16 04:00:00,271.8396
2022-05-16 05:00:00,300.97787
2022-05-16 06:00:00,312.34863
2022-05-16 07:00:00,296.0883
2022-05-16 08:00:00,296.2693
2022-05-16 09:00:00,312.82883
2022-05-16 10:00:00,310.47406
2022-05-16 11:00:00,308.68454
2022-05-16 12:00:00,309.44022
2022-05-16 13:00:00,294.38327
2022-05-16 14:00:00,310.62955
2022-05-16 15:00:00,310.14264
2022-05-16 16:00:00,312.51865
2022-05-16 17:00:00,293.57962
2022-05-16 18:00:00,306.94983
2022-05-16 19:00:00,259.21738
2022-05-16 20:00:00,262.2052
2022-05-16 21:00:00,271.42078
2022-05-16 22:00:00,269.01022
2022-05-16 23:00:00,297.30582
2022-05-17 00:00:00,111.92889
2022-05-17 01:00:00,304.48557
2022-05-17 02:00:00,306.2089
2022-05-17 03:00:00,288.9858
2022-05-17 04:00:00,303.65485
2022-05-17 05:00:00,314.4606
2022-05-17 06:00:00,262.48212
2022-05-17 07:00:00,257.52933
2022-05-17 08:00:00,262.58618
2022-05-17 09:00:00,257.66174
2022-05-17 10:00:00,309.33157
2022-05-17 11:00:00,275.45364
2022-05-17 12:00:00,277.62558
2022-05-17 13:00:00,281.3799
2022-05-17 14:00:00,280.28113
2022-05-17 15:00:00,293.02512
2022-05-17 16:00:00,290.29587
2022-05-17 17:00:00,264.75766
2022-05-17 18:00:00,267.6476
2022-05-17 19:00:00,265.33612
2022-05-17 20:00:00,270.8913
2022-05-17 21:00:00,266.86597
2022-05-17 22:00:00,262.4711
2022-05-17 23:00:00,267.54953
2022-05-18 00:00:00,146.4455
2022-05-18 01:00:00,320.4776
2022-05-18 02:00:00,285.0934
2022-05-18 03:00:00,291.13184
2022-05-18 04:00:00,292.8235
2022-05-18 05:00:00,284.35367
2022-05-18 06:00:00,325.13065
2022-05-18 07:00:00,306.00552
2022-05-18 08:00:00,306.56332
2022-05-18 09:00:00,327.38687
2022-05-18 10:00:00,332.6262
2022-05-18 11:00:00,332.3881
2022-05-18 12:00:00,328.97467
2022-05-18 13:00:00,329.62988
2022-05-18 14:00:00,330.90964
2022-05-18 15:00:00,330.62396
2022-05-18 16:00:00,332.63226
2022-05-18 17:00:00,332.7185
2022-05-18 18:00:00,284.09677
2022-05-18 19:00:00,278.2355
2022-05-18 20:00:00,273.64853
2022-05-18 21:00:00,274.21732
2022-05-18 22:00:00,276.07834
2022-05-18 23:00:00,292.19727
2022-05-19 00:00:00,131.50668
2022-05-19 01:00:00,303.28296
2022-05-19 02:00:00,312.47702
2022-05-19 03:00:00,312.7593
2022-05-19 04:00:00,317.1214
2022-05-19 05:00:00,323.05194
2022-05-19 06:00:00,331.1938
2022-05-19 07:00:00,302.8561
2022-05-19 08:00:00,297.9702
2022-05-19 09:00:00,300.75735
2022-05-19 10:00:00,309.08328
2022-05-19 11:00:00,330.43198
2022-05-19 12:00:00,316.86307
2022-05-19 13:00:00,289.1498
2022-05-19 14:00:00,311.5544
2022-05-19 15:00:00,326.20908
2022-05-19 16:00:00,328.54642
2022-05-19 17:00:00,303.12408
2022-05-19 18:00:00,320.7559
2022-05-19 19:00:00,278.22604
2022-05-19 20:00:00,322.81537
2022-05-19 21:00:00,318.80316
2022-05-19 22:00:00,323.03552
2022-05-19 23:00:00,311.83594
2022-05-20 00:00:00,106.422325
2022-05-20 01:00:00,313.21713
2022-05-20 02:00:00,308.9238
2022-05-20 03:00:00,312.5324
2022-05-20 04:00:00,314.38528
2022-05-20 05:00:00,326.6792
2022-05-20 06:00:00,303.73563
2022-05-20 07:00:00,319.434
2022-05-20 08:00:00,313.77347
2022-05-20 09:00:00,296.3821
2022-05-20 10:00:00,319.04822
2022-05-20 11:00:00,319.8366
2022-05-20 12:00:00,320.62823
2022-05-20 13:00:00,320.60025
2022-05-20 14:00:00,325.03595
2022-05-20 15:00:00,319.3867
2022-05-20 16:00:00,324.22556
2022-05-20 17:00:00,328.67755
2022-05-20 18:00:00,305.8491
2022-05-20 19:00:00,319.69525
2022-05-20 20:00:00,331.59503
2022-05-20 21:00:00,318.45508
2022-05-20 22:00:00,299.8026
2022-05-20 23:00:00,268.97903
2022-05-21 00:00:00,52.08497
2022-05-21 01:00:00,242.16331
2022-05-21 02:00:00,225.57518
2022-05-21 03:00:00,244.25783
2022-05-21 04:00:00,222.24278
2022-05-21 05:00:00,239.0373
2022-05-21 06:00:00,233.24405
2022-05-21 07:00:00,237.88371
2022-05-21 08:00:00,245.26689
2022-05-21 09:00:00,249.02054
2022-05-21 10:00:00,231.96692
2022-05-21 11:00:00,249.05376
2022-05-21 12:00:00,251.63895
2022-05-21 13:00:00,267.6508
2022-05-21 14:00:00,263.83008
2022-05-21 15:00:00,270.8137
2022-05-21 16:00:00,260.69748
2022-05-21 17:00:00,265.4651
2022-05-21 18:00:00,281.18256
2022-05-21 19:00:00,313.97034
2022-05-21 20:00:00,305.486
2022-05-21 21:00:00,340.9604
2022-05-21 22:00:00,337.28754
2022-05-21 23:00:00,327.0099
2022-05-22 00:00:00,101.6843
2022-05-22 01:00:00,282.50198
2022-05-22 02:00:00,277.5882
2022-05-22 03:00:00,298.4432
2022-05-22 04:00:00,298.1076
2022-05-22 05:00:00,281.8008
2022-05-22 06:00:00,290.95215
2022-05-22 07:00:00,294.7858
2022-05-22 08:00:00,281.2134
2022-05-22 09:00:00,284.98013
2022-05-22 10:00:00,270.92996
2022-05-22 11:00:00,263.20825
2022-05-22 12:00:00,263.01398
2022-05-22 13:00:00,272.7818
2022-05-22 14:00:00,243.50644
2022-05-22 15:00:00,296.62155
2022-05-22 16:00:00,318.07343
2022-05-22 17:00:00,326.54166
2022-05-22 18:00:00,342.38916
2022-05-22 19:00:00,337.65448
2022-05-22 20:00:00,331.45856
2022-05-22 21:00:00,315.83197
2022-05-22 22:00:00,313.2168
2022-05-22 23:00:00,329.97018
2022-05-23 00:00:00,117.39324
2022-05-23 01:00:00,304.91635
2022-05-23 02:00:00,304.67508
2022-05-23 03:00:00,297.22778
2022-05-23 04:00:00,303.1857
2022-05-23 05:00:00,305.51114
2022-05-23 06:00:00,295.34637
2022-05-23 07:00:00,284.526
2022-05-23 08:00:00,284.5543
2022-05-23 09:00:00,284.45804
2022-05-23 10:00:00,270.1405
2022-05-23 11:00:00,256.06534
2022-05-23 12:00:00,258.30576
2022-05-23 13:00:00,277.6477
2022-05-23 14:00:00,262.46457
2022-05-23 15:00:00,275.5737
2022-05-23 16:00:00,272.24808
2022-05-23 17:00:00,283.93735
2022-05-23 18:00:00,285.39496
2022-05-23 19:00:00,262.52484
2022-05-23 20:00:00,249.88574
2022-05-23 21:00:00,251.9143
2022-05-23 22:00:00,263.38422
2022-05-23 23:00:00,263.68
2022-05-24 00:00:00,93.720245
2022-05-24 01:00:00,240.48677
2022-05-24 02:00:00,279.062
2022-05-24 03:00:00,282.6353
2022-05-24 04:00:00,282.9263
2022-05-24 05:00:00,283.2346
2022-05-24 06:00:00,304.1688
2022-05-24 07:00:00,295.0018
2022-05-24 08:00:00,295.924
2022-05-24 09:00:00,295.79498
2022-05-24 10:00:00,293.3401
2022-05-24 11:00:00,293.82675
2022-05-24 12:00:00,279.80374
2022-05-24 13:00:00,290.2127
2022-05-24 14:00:00,273.94736
2022-05-24 15:00:00,289.73187
2022-05-24 16:00:00,292.96674
2022-05-24 17:00:00,273.8663
2022-05-24 18:00:00,271.17545
2022-05-24 19:00:00,291.78217
2022-05-24 20:00:00,313.47562
2022-05-24 21:00:00,314.03262
2022-05-24 22:00:00,299.59982
2022-05-24 23:00:00,291.40738
2022-05-25 00:00:00,137.98564
2022-05-25 01:00:00,311.22897
2022-05-25 02:00:00,312.05328
2022-05-25 03:00:00,309.32935
2022-05-25 04:00:00,314.79187
2022-05-25 05:00:00,320.537
2022-05-25 06:00:00,313.18878
2022-05-25 07:00:00,320.7433
2022-05-25 08:00:00,294.9622
2022-05-25 09:00:00,323.6973
2022-05-25 10:00:00,324.216
2022-05-25 11:00:00,331.08865
2022-05-25 12:00:00,289.9588
2022-05-25 13:00:00,302.4834
2022-05-25 14:00:00,300.71158
2022-05-25 15:00:00,288.0789
2022-05-25 16:00:00,292.5152
2022-05-25 17:00:00,309.6919
2022-05-25 18:00:00,298.7455
2022-05-25 19:00:00,294.04285
2022-05-25 20:00:00,292.05344
2022-05-25 21:00:00,288.23447
2022-05-25 22:00:00,278.42902
2022-05-25 23:00:00,275.85355
2022-05-26 00:00:00,33.497906
2022-05-26 01:00:00,234.94489
2022-05-26 02:00:00,240.42047
2022-05-26 03:00:00,231.28197
2022-05-26 04:00:00,231.31126
2022-05-26 05:00:00,239.6229
2022-05-26 06:00:00,242.78853
2022-05-26 07:00:00,248.66331
2022-05-26 08:00:00,254.25172
2022-05-26 09:00:00,257.22003
2022-05-26 10:00:00,239.00755
2022-05-26 11:00:00,234.55794
2022-05-26 12:00:00,258.34814
2022-05-26 13:00:00,227.7165
2022-05-26 14:00:00,250.8212
2022-05-26 15:00:00,251.24773
2022-05-26 16:00:00,262.1487
2022-05-26 17:00:00,256.08066
2022-05-26 18:00:00,266.31592
2022-05-26 19:00:00,273.12793
2022-05-26 20:00:00,273.10632
2022-05-26 21:00:00,275.96915
2022-05-26 22:00:00,248.73456
2022-05-26 23:00:00,232.86789
2022-05-27 00:00:00,17.296755
2022-05-27 01:00:00,233.00058
2022-05-27 02:00:00,228.21495
2022-05-27 03:00:00,226.85782
2022-05-27 04:00:00,225.23929
2022-05-27 05:00:00,201.61508
2022-05-27 06:00:00,239.93951
2022-05-27 07:00:00,237.16982
2022-05-27 08:00:00,244.84445
2022-05-27 09:00:00,243.32426
2022-05-27 10:00:00,240.74
2022-05-27 11:00:00,231.76152
2022-05-27 12:00:00,213.71533
2022-05-27 13:00:00,219.89902
2022-05-27 14:00:00,258.54086
2022-05-27 15:00:00,264.05783
2022-05-27 16:00:00,252.97672
2022-05-27 17:00:00,251.50136
2022-05-27 18:00:00,248.96835
2022-05-27 19:00:00,250.93503
2022-05-27 20:00:00,242.47287
2022-05-27 21:00:00,259.49683
2022-05-27 22:00:00,247.92764
2022-05-27 23:00:00,241.98186
2022-05-28 00:00:00,33.94388
2022-05-28 01:00:00,211.54152
2022-05-28 02:00:00,226.72969
2022-05-28 03:00:00,226.41931
2022-05-28 04:00:00,227.84607
2022-05-28 05:00:00,224.10521
2022-05-28 06:00:00,220.2685
2022-05-28 07:00:00,226.47945
2022-05-28 08:00:00,243.07957
2022-05-28 09:00:00,247.6275
2022-05-28 10:00:00,228.58415
2022-05-28 11:00:00,256.42334
2022-05-28 12:00:00,262.3147
2022-05-28 13:00:00,262.57358
2022-05-28 14:00:00,261.09912
2022-05-28 15:00:00,242.22865
2022-05-28 16:00:00,266.12582
2022-05-28 17:00:00,231.63235
2022-05-28 18:00:00,247.96487
2022-05-28 19:00:00,257.2485
2022-05-28 20:00:00,267.978
2022-05-28 21:00:00,257.7545
2022-05-28 22:00:00,251.35124
2022-05-28 23:00:00,262.86737
2022-05-29 00:00:00,61.818745
2022-05-29 01:00:00,252.41612
2022-05-29 02:00:00,264.17233
2022-05-29 03:00:00,269.95044
2022-05-29 04:00:00,268.94363
2022-05-29 05:00:00,257.86285
2022-05-29 06:00:00,263.46878
2022-05-29 07:00:00,255.42485
2022-05-29 08:00:00,244.82405
2022-05-29 09:00:00,254.44719
2022-05-29 10:00:00,263.99533
2022-05-29 11:00:00,272.73547
2022-05-29 12:00:00,281.30762
2022-05-29 13:00:00,268.6888
2022-05-29 14:00:00,278.91876
2022-05-29 15:00:00,266.54196
2022-05-29 16:00:00,280.5789
2022-05-29 17:00:00,284.3172
2022-05-29 18:00:00,301.94702
2022-05-29 19:00:00,332.55417
2022-05-29 20:00:00,324.69217
2022-05-29 21:00:00,324.9409
2022-05-29 22:00:00,328.02252
2022-05-29 23:00:00,325.8685
2022-05-30 00:00:00,133.33784
2022-05-30 01:00:00,298.18802
2022-05-30 02:00:00,300.85117
2022-05-30 03:00:00,297.58105
2022-05-30 04:00:00,295.6912
2022-05-30 05:00:00,276.19702
2022-05-30 06:00:00,254.68973
2022-05-30 07:00:00,257.10632
2022-05-30 08:00:00,259.88373
2022-05-30 09:00:00,253.54951
2022-05-30 10:00:00,294.3428
2022-05-30 11:00:00,295.41068
2022-05-30 12:00:00,278.3787
2022-05-30 13:00:00,285.5871
2022-05-30 14:00:00,283.3822
2022-05-30 15:00:00,285.33136
2022-05-30 16:00:00,299.86795
2022-05-30 17:00:00,260.39218
2022-05-30 18:00:00,265.7811
2022-05-30 19:00:00,264.15497
2022-05-30 20:00:00,266.87323
2022-05-30 21:00:00,258.7102
2022-05-30 22:00:00,262.47586
2022-05-30 23:00:00,251.72888
2022-05-31 00:00:00,117.50921
2022-05-31 01:00:00,275.81796
2022-05-31 02:00:00,278.69977
2022-05-31 03:00:00,282.02335
2022-05-31 04:00:00,281.57837
2022-05-31 05:00:00,280.52795
2022-05-31 06:00:00,261.6425
2022-05-31 07:00:00,262.3931
2022-05-31 08:00:00,263.83142
2022-05-31 09:00:00,270.84982
2022-05-31 10:00:00,297.2738
2022-05-31 11:00:00,303.67578
2022-05-31 12:00:00,327.46686
2022-05-31 13:00:00,292.19153
2022-05-31 14:00:00,281.3272
2022-05-31 15:00:00,300.71893
2022-05-31 16:00:00,300.06503
2022-05-31 17:00:00,273.6283
2022-05-31 18:00:00,269.9187
2022-05-31 19:00:00,271.54257
2022-05-31 20:00:00,272.19992
2022-05-31 21:00:00,267.52042
2022-05-31 22:00:00,265.41104
2022-05-31 23:00:00,249.52774
2022-06-01 00:00:00,130.13153
2022-06-01 01:00:00,285.4772
2022-06-01 02:00:00,274.63928
2022-06-01 03:00:00,313.87988
2022-06-01 04:00:00,313.8458
2022-06-01 05:00:00,288.4062
2022-06-01 06:00:00,317.87393
2022-06-01 07:00:00,279.58334
2022-06-01 08:00:00,265.32147
2022-06-01 09:00:00,264.30896
2022-06-01 10:00:00,294.25134
2022-06-01 11:00:00,281.86246
2022-06-01 12:00:00,282.5085
2022-06-01 13:00:00,283.63107
2022-06-01 14:00:00,305.65247
2022-06-01 15:00:00,279.40933
2022-06-01 16:00:00,300.48712
2022-06-01 17:00:00,301.9175
2022-06-01 18:00:00,318.1022
2022-06-01 19:00:00,282.80725
2022-06-01 20:00:00,280.12653
2022-06-01 21:00:00,278.21744
2022-06-01 22:00:00,277.16916
2022-06-01 23:00:00,298.12836
2022-06-02 00:00:00,115.34453
2022-06-02 01:00:00,317.45538
2022-06-02 02:00:00,303.59177
2022-06-02 03:00:00,300.79285
2022-06-02 04:00:00,302.40448
2022-06-02 05:00:00,282.12335
2022-06-02 06:00:00,319.99255
2022-06-02 07:00:00,320.30966
2022-06-02 08:00:00,297.896
2022-06-02 09:00:00,323.62698
2022-06-02 10:00:00,317.29224
2022-06-02 11:00:00,308.6734
2022-06-02 12:00:00,309.89752
2022-06-02 13:00:00,309.42566
2022-06-02 14:00:00,311.58163
2022-06-02 15:00:00,312.10104
2022-06-02 16:00:00,326.42743
2022-06-02 17:00:00,332.38834
2022-06-02 18:00:00,332.1443
2022-06-02 19:00:00,290.67294
2022-06-02 20:00:00,284.67496
2022-06-02 21:00:00,278.13385
2022-06-02 22:00:00,278.47598
2022-06-02 23:00:00,264.12027
2022-06-03 00:00:00,107.35123
2022-06-03 01:00:00,274.01108
2022-06-03 02:00:00,274.6554
2022-06-03 03:00:00,272.119
2022-06-03 04:00:00,273.44427
2022-06-03 05:00:00,273.38077
2022-06-03 06:00:00,310.01886
2022-06-03 07:00:00,319.1456
2022-06-03 08:00:00,314.09552
2022-06-03 09:00:00,305.86353
2022-06-03 10:00:00,315.24792
2022-06-03 11:00:00,301.08014
2022-06-03 12:00:00,302.0788
2022-06-03 13:00:00,322.68784
2022-06-03 14:00:00,308.49042
2022-06-03 15:00:00,308.5487
2022-06-03 16:00:00,324.13818
2022-06-03 17:00:00,306.33203
2022-06-03 18:00:00,304.3608
2022-06-03 19:00:00,312.02444
2022-06-03 20:00:00,314.8546
2022-06-03 21:00:00,304.80966
2022-06-03 22:00:00,300.66956
2022-06-03 23:00:00,316.48724
2022-06-04 00:00:00,114.20568
2022-06-04 01:00:00,317.77524
2022-06-04 02:00:00,295.38593
2022-06-04 03:00:00,284.24103
2022-06-04 04:00:00,293.30396
2022-06-04 05:00:00,291.05765
2022-06-04 06:00:00,294.15485
2022-06-04 07:00:00,302.63416
2022-06-04 08:00:00,311.72232
2022-06-04 09:00:00,314.76126
2022-06-04 10:00:00,317.25943
2022-06-04 11:00:00,305.94077
2022-06-04 12:00:00,302.0706
2022-06-04 13:00:00,294.83527
2022-06-04 14:00:00,294.08685
2022-06-04 15:00:00,304.38745
2022-06-04 16:00:00,310.18927
2022-06-04 17:00:00,303.89932
2022-06-04 18:00:00,338.27307
2022-06-04 19:00:00,337.9986
2022-06-04 20:00:00,337.31985
2022-06-04 21:00:00,327.71805
2022-06-04 22:00:00,315.57248
2022-06-04 23:00:00,303.68738
2022-06-05 00:00:00,92.44099
2022-06-05 01:00:00,276.8187
2022-06-05 02:00:00,280.8335
2022-06-05 03:00:00,272.82678
2022-06-05 04:00:00,251.71655
2022-06-05 05:00:00,239.47847
2022-06-05 06:00:00,253.82909
2022-06-05 07:00:00,256.88516
2022-06-05 08:00:00,268.369
2022-06-05 09:00:00,260.42917
2022-06-05 10:00:00,272.2406
2022-06-05 11:00:00,273.38593
2022-06-05 12:00:00,268.7834
2022-06-05 13:00:00,271.13235
2022-06-05 14:00:00,271.1047
2022-06-05 15:00:00,274.41263
2022-06-05 16:00:00,276.36932
2022-06-05 17:00:00,269.21674
2022-06-05 18:00:00,279.44608
2022-06-05 19:00:00,273.96066
2022-06-05 20:00:00,268.00748
2022-06-05 21:00:00,268.9893
2022-06-05 22:00:00,266.8797
2022-06-05 23:00:00,273.3474
2022-06-06 00:00:00,62.588394
2022-06-06 01:00:00,216.67686
2022-06-06 02:00:00,242.44424
2022-06-06 03:00:00,240.32306
2022-06-06 04:00:00,226.10144
2022-06-06 05:00:00,207.67033
2022-06-06 06:00:00,224.16322
2022-06-06 07:00:00,238.86993
2022-06-06 08:00:00,221.45576
2022-06-06 09:00:00,213.66566
2022-06-06 10:00:00,220.3534
2022-06-06 11:00:00,224.22357
2022-06-06 12:00:00,219.88136
2022-06-06 13:00:00,219.02519
2022-06-06 14:00:00,213.59163
2022-06-06 15:00:00,233.52348
2022-06-06 16:00:00,247.19835
2022-06-06 17:00:00,257.20386
2022-06-06 18:00:00,259.92804
2022-06-06 19:00:00,290.08344
2022-06-06 20:00:00,292.45834
2022-06-06 21:00:00,304.9513
2022-06-06 22:00:00,292.44794
2022-06-06 23:00:00,268.50705
2022-06-07 00:00:00,89.053215
2022-06-07 01:00:00,281.61487
2022-06-07 02:00:00,279.30878
2022-06-07 03:00:00,244.43314
2022-06-07 04:00:00,271.17758
2022-06-07 05:00:00,270.29904
2022-06-07 06:00:00,316.2955
2022-06-07 07:00:00,327.40384
2022-06-07 08:00:00,316.4409
2022-06-07 09:00:00,278.37613
2022-06-07 10:00:00,281.41125
2022-06-07 11:00:00,276.82504
2022-06-07 12:00:00,278.5578
2022-06-07 13:00:00,280.34247
2022-06-07 14:00:00,277.95312
2022-06-07 15:00:00,278.6001
2022-06-07 16:00:00,277.56744
2022-06-07 17:00:00,293.7569
2022-06-07 18:00:00,316.94495
2022-06-07 19:00:00,303.33746
2022-06-07 20:00:00,319.20642
2022-06-07 21:00:00,316.69373
2022-06-07 22:00:00,315.6812
2022-06-07 23:00:00,287.9668
2022-06-08 00:00:00,102.911064
2022-06-08 01:00:00,296.0384
2022-06-08 02:00:00,310.6412
2022-06-08 03:00:00,316.32056
2022-06-08 04:00:00,317.48715
2022-06-08 05:00:00,322.5145
2022-06-08 06:00:00,318.22803
2022-06-08 07:00:00,313.5867
2022-06-08 08:00:00,316.33173
2022-06-08 09:00:00,313.19147
2022-06-08 10:00:00,309.47296
2022-06-08 11:00:00,318.90112
2022-06-08 12:00:00,314.85876
2022-06-08 13:00:00,312.0007
2022-06-08 14:00:00,293.4959
2022-06-08 15:00:00,291.8452
2022-06-08 16:00:00,294.38684
2022-06-08 17:00:00,294.5787
2022-06-08 18:00:00,295.41217
2022-06-08 19:00:00,295.2629
2022-06-08 20:00:00,317.142
2022-06-08 21:00:00,321.1666
2022-06-08 22:00:00,302.08368
2022-06-08 23:00:00,285.7431
2022-06-09 00:00:00,135.93224
2022-06-09 01:00:00,314.51498
2022-06-09 02:00:00,314.185
2022-06-09 03:00:00,310.05716
2022-06-09 04:00:00,318.0929
2022-06-09 05:00:00,314.431
2022-06-09 06:00:00,326.53268
2022-06-09 07:00:00,305.817
2022-06-09 08:00:00,323.96948
2022-06-09 09:00:00,328.81384
2022-06-09 10:00:00,319.19376
2022-06-09 11:00:00,306.78052
2022-06-09 12:00:00,307.65027
2022-06-09 13:00:00,322.2166
2022-06-09 14:00:00,319.92105
2022-06-09 15:00:00,317.81183
2022-06-09 16:00:00,319.46423
2022-06-09 17:00:00,318.279
2022-06-09 18:00:00,326.35632
2022-06-09 19:00:00,328.43906
2022-06-09 20:00:00,336.65466
2022-06-09 21:00:00,317.81375
2022-06-09 22:00:00,329.135
2022-06-09 23:00:00,330.06763
2022-06-10 00:00:00,142.45862
2022-06-10 01:00:00,310.3195
2022-06-10 02:00:00,305.55103
2022-06-10 03:00:00,312.4302
2022-06-10 04:00:00,316.05966
2022-06-10 05:00:00,315.12958
2022-06-10 06:00:00,328.79642
2022-06-10 07:00:00,334.3992
2022-06-10 08:00:00,330.0171
2022-06-10 09:00:00,322.38577
2022-06-10 10:00:00,304.6885
2022-06-10 11:00:00,274.34055
2022-06-10 12:00:00,276.65002
2022-06-10 13:00:00,276.31897
2022-06-10 14:00:00,300.79288
2022-06-10 15:00:00,291.2407
2022-06-10 16:00:00,298.05682
2022-06-10 17:00:00,331.13193
2022-06-10 18:00:00,331.2832
2022-06-10 19:00:00,333.18265
2022-06-10 20:00:00,330.81134
2022-06-10 21:00:00,322.68973
2022-06-10 22:00:00,329.0557
2022-06-10 23:00:00,320.64478
2022-06-11 00:00:00,116.75396
2022-06-11 01:00:00,326.41302
2022-06-11 02:00:00,303.03693
2022-06-11 03:00:00,296.00058
2022-06-11 04:00:00,298.58908
2022-06-11 05:00:00,297.71735
2022-06-11 06:00:00,302.63995
2022-06-11 07:00:00,307.28064
2022-06-11 08:00:00,312.71848
2022-06-11 09:00:00,286.69122
2022-06-11 10:00:00,291.61365
2022-06-11 11:00:00,299.52115
2022-06-11 12:00:00,281.25443
2022-06-11 13:00:00,277.0523
2022-06-11 14:00:00,271.24094
2022-06-11 15:00:00,285.81192
2022-06-11 16:00:00,292.89206
2022-06-11 17:00:00,309.88852
2022-06-11 18:00:00,317.5429
2022-06-11 19:00:00,315.8241
2022-06-11 20:00:00,313.57538
2022-06-11 21:00:00,303.10895
2022-06-11 22:00:00,299.75766
2022-06-11 23:00:00,296.87054
2022-06-12 00:00:00,108.04106
2022-06-12 01:00:00,305.18518
2022-06-12 02:00:00,315.80826
2022-06-12 03:00:00,313.7235
2022-06-12 04:00:00,305.4535
2022-06-12 05:00:00,301.3522
2022-06-12 06:00:00,290.33917
2022-06-12 07:00:00,302.40457
2022-06-12 08:00:00,303.77762
2022-06-12 09:00:00,292.21725
2022-06-12 10:00:00,292.45087
2022-06-12 11:00:00,278.88055
2022-06-12 12:00:00,248.86722
2022-06-12 13:00:00,289.71317
2022-06-12 14:00:00,266.66553
2022-06-12 15:00:00,263.65128
2022-06-12 16:00:00,260.41852
2022-06-12 17:00:00,282.31042
2022-06-12 18:00:00,299.1345
2022-06-12 19:00:00,333.77582
2022-06-12 20:00:00,335.08057
2022-06-12 21:00:00,331.79523
2022-06-12 22:00:00,330.55997
2022-06-12 23:00:00,317.9091
2022-06-13 00:00:00,117.68576
2022-06-13 01:00:00,304.28296
2022-06-13 02:00:00,295.12756
2022-06-13 03:00:00,292.00558
2022-06-13 04:00:00,295.659
2022-06-13 05:00:00,299.07483
2022-06-13 06:00:00,303.3131
2022-06-13 07:00:00,325.91785
2022-06-13 08:00:00,316.20563
2022-06-13 09:00:00,305.8201
2022-06-13 10:00:00,300.85223
2022-06-13 11:00:00,265.0607
2022-06-13 12:00:00,269.6733
2022-06-13 13:00:00,273.00488
2022-06-13 14:00:00,266.30414
2022-06-13 15:00:00,257.87262
2022-06-13 16:00:00,259.0158
2022-06-13 17:00:00,262.7606
2022-06-13 18:00:00,296.63953
2022-06-13 19:00:00,297.9698
2022-06-13 20:00:00,325.16837
2022-06-13 21:00:00,326.22052
2022-06-13 22:00:00,324.17868
2022-06-13 23:00:00,310.06982
2022-06-14 00:00:00,154.42326
2022-06-14 01:00:00,296.5003
2022-06-14 02:00:00,287.26453
2022-06-14 03:00:00,296.89938
2022-06-14 04:00:00,300.931
2022-06-14 05:00:00,284.30167
2022-06-14 06:00:00,306.4768
2022-06-14 07:00:00,309.31308
2022-06-14 08:00:00,302.77228
2022-06-14 09:00:00,307.72
2022-06-14 10:00:00,303.51685
2022-06-14 11:00:00,304.8068
2022-06-14 12:00:00,302.105
2022-06-14 13:00:00,306.9487
2022-06-14 14:00:00,308.0596
2022-06-14 15:00:00,306.33066
2022-06-14 16:00:00,314.81903
2022-06-14 17:00:00,265.70685
2022-06-14 18:00:00,271.0692
2022-06-14 19:00:00,268.85138
2022-06-14 20:00:00,262.23154
2022-06-14 21:00:00,268.57425
2022-06-14 22:00:00,274.12076
2022-06-14 23:00:00,256.0015
2022-06-15 00:00:00,169.84512
2022-06-15 01:00:00,292.5535
2022-06-15 02:00:00,303.07675
2022-06-15 03:00:00,304.97644
2022-06-15 04:00:00,308.7541
2022-06-15 05:00:00,298.35538
2022-06-15 06:00:00,316.87665
2022-06-15 07:00:00,284.63873
2022-06-15 08:00:00,280.49133
2022-06-15 09:00:00,320.3955
2022-06-15 10:00:00,335.16122
2022-06-15 11:00:00,318.15997
2022-06-15 12:00:00,317.26804
2022-06-15 13:00:00,315.32367
2022-06-15 14:00:00,321.11255
2022-06-15 15:00:00,325.4424
2022-06-15 16:00:00,329.54694
2022-06-15 17:00:00,317.3007
2022-06-15 18:00:00,281.09372
2022-06-15 19:00:00,280.47873
2022-06-15 20:00:00,280.57486
2022-06-15 21:00:00,275.55704
2022-06-15 22:00:00,271.21298
2022-06-15 23:00:00,297.53134
2022-06-16 00:00:00,169.11278
2022-06-16 01:00:00,317.069
2022-06-16 02:00:00,303.91394
2022-06-16 03:00:00,303.78708
2022-06-16 04:00:00,314.65604
2022-06-16 05:00:00,317.67966
2022-06-16 06:00:00,313.25464
2022-06-16 07:00:00,320.33896
2022-06-16 08:00:00,322.87753
2022-06-16 09:00:00,293.16373
2022-06-16 10:00:00,279.05103
2022-06-16 11:00:00,263.697
2022-06-16 12:00:00,287.41
2022-06-16 13:00:00,288.4647
2022-06-16 14:00:00,282.68497
2022-06-16 15:00:00,282.76105
2022-06-16 16:00:00,279.43436
2022-06-16 17:00:00,283.95514
2022-06-16 18:00:00,316.01227
2022-06-16 19:00:00,331.2013
2022-06-16 20:00:00,329.72177
2022-06-16 21:00:00,324.43454
2022-06-16 22:00:00,323.7886
2022-06-16 23:00:00,319.66376
2022-06-17 00:00:00,160.4148
2022-06-17 01:00:00,300.38297
2022-06-17 02:00:00,305.97964
2022-06-17 03:00:00,304.9089
2022-06-17 04:00:00,294.2767
2022-06-17 05:00:00,296.0685
2022-06-17 06:00:00,310.14835
2022-06-17 07:00:00,317.11163
2022-06-17 08:00:00,317.1112
2022-06-17 09:00:00,311.6517
2022-06-17 10:00:00,279.74707
2022-06-17 11:00:00,247.07526
2022-06-17 12:00:00,259.5763
2022-06-17 13:00:00,275.76282
2022-06-17 14:00:00,279.077
2022-06-17 15:00:00,285.43066
2022-06-17 16:00:00,315.475
2022-06-17 17:00:00,338.0464
2022-06-17 18:00:00,342.83624
2022-06-17 19:00:00,342.72476
2022-06-17 20:00:00,348.6914
2022-06-17 21:00:00,344.458
2022-06-17 22:00:00,330.85812
2022-06-17 23:00:00,301.149
2022-06-18 00:00:00,155.40543
2022-06-18 01:00:00,261.4253
2022-06-18 02:00:00,242.162
2022-06-18 03:00:00,243.41736
2022-06-18 04:00:00,246.27731
2022-06-18 05:00:00,243.76862
2022-06-18 06:00:00,273.29932
2022-06-18 07:00:00,287.28235
2022-06-18 08:00:00,276.0626
2022-06-18 09:00:00,276.97333
2022-06-18 10:00:00,277.94275
2022-06-18 11:00:00,282.3613
2022-06-18 12:00:00,263.64536
2022-06-18 13:00:00,277.91412
2022-06-18 14:00:00,254.59091
2022-06-18 15:00:00,239.78555
2022-06-18 16:00:00,243.90013
2022-06-18 17:00:00,286.76938
2022-06-18 18:00:00,324.34134
2022-06-18 19:00:00,320.76
2022-06-18 20:00:00,324.72894
2022-06-18 21:00:00,315.52103
2022-06-18 22:00:00,316.87833
2022-06-18 23:00:00,306.46423
2022-06-19 00:00:00,133.40326
2022-06-19 01:00:00,287.3937
2022-06-19 02:00:00,280.6866
2022-06-19 03:00:00,254.87228
2022-06-19 04:00:00,247.98103
2022-06-19 05:00:00,274.32663
2022-06-19 06:00:00,249.13434
2022-06-19 07:00:00,230.9516
2022-06-19 08:00:00,243.58574
2022-06-19 09:00:00,243.09035
2022-06-19 10:00:00,239.51962
2022-06-19 11:00:00,251.52518
2022-06-19 12:00:00,246.99728
2022-06-19 13:00:00,249.94608
2022-06-19 14:00:00,269.67084
2022-06-19 15:00:00,276.34872
2022-06-19 16:00:00,282.53952
2022-06-19 17:00:00,272.21176
2022-06-19 18:00:00,311.8606
2022-06-19 19:00:00,318.76013
2022-06-19 20:00:00,334.72327
2022-06-19 21:00:00,345.1656
2022-06-19 22:00:00,340.59055
2022-06-19 23:00:00,339.04916
2022-06-20 00:00:00,185.09224
2022-06-20 01:00:00,294.98804
2022-06-20 02:00:00,298.72784
2022-06-20 03:00:00,291.7681
2022-06-20 04:00:00,310.79477
2022-06-20 05:00:00,312.27737
2022-06-20 06:00:00,306.9087
2022-06-20 07:00:00,310.70728
2022-06-20 08:00:00,268.1008
2022-06-20 09:00:00,266.3003
2022-06-20 10:00:00,312.8232
2022-06-20 11:00:00,299.68927
2022-06-20 12:00:00,315.42947
2022-06-20 13:00:00,312.29303
2022-06-20 14:00:00,312.1425
2022-06-20 15:00:00,313.14844
2022-06-20 16:00:00,262.42963
2022-06-20 17:00:00,252.74239
2022-06-20 18:00:00,284.39316
2022-06-20 19:00:00,242.59789
2022-06-20 20:00:00,263.86737
2022-06-20 21:00:00,269.5422
2022-06-20 22:00:00,266.4008
2022-06-20 23:00:00,295.1213
2022-06-21 00:00:00,167.7042
2022-06-21 01:00:00,311.24207
2022-06-21 02:00:00,312.28528
2022-06-21 03:00:00,310.52023
2022-06-21 04:00:00,301.60236
2022-06-21 05:00:00,322.44034
2022-06-21 06:00:00,296.33487
2022-06-21 07:00:00,288.58505
2022-06-21 08:00:00,287.89856
2022-06-21 09:00:00,319.19852
2022-06-21 10:00:00,311.74997
2022-06-21 11:00:00,293.85495
2022-06-21 12:00:00,290.55704
2022-06-21 13:00:00,266.89694
2022-06-21 14:00:00,278.7563
2022-06-21 15:00:00,313.99246
2022-06-21 16:00:00,310.4918
2022-06-21 17:00:00,301.06607
2022-06-21 18:00:00,255.88477
2022-06-21 19:00:00,264.2141
2022-06-21 20:00:00,269.0084
2022-06-21 21:00:00,266.03107
2022-06-21 22:00:00,270.79706
2022-06-21 23:00:00,268.3396
2022-06-22 00:00:00,216.28828
2022-06-22 01:00:00,313.8535
2022-06-22 02:00:00,296.03595
2022-06-22 03:00:00,288.09106
2022-06-22 04:00:00,311.63004
2022-06-22 05:00:00,313.92035
2022-06-22 06:00:00,270.2498
2022-06-22 07:00:00,270.85117
2022-06-22 08:00:00,272.85205
2022-06-22 09:00:00,259.47632
2022-06-22 10:00:00,316.3543
2022-06-22 11:00:00,300.8524
2022-06-22 12:00:00,301.47397
2022-06-22 13:00:00,299.48672
2022-06-22 14:00:00,286.3437
2022-06-22 15:00:00,289.46985
2022-06-22 16:00:00,318.22604
2022-06-22 17:00:00,276.1447
2022-06-22 18:00:00,265.55893
2022-06-22 19:00:00,266.98123
2022-06-22 20:00:00,270.40295
2022-06-22 21:00:00,271.8381
2022-06-22 22:00:00,266.1263
2022-06-22 23:00:00,270.72617
2022-06-23 00:00:00,202.4025
2022-06-23 01:00:00,263.2341
2022-06-23 02:00:00,292.02994
2022-06-23 03:00:00,291.11417
2022-06-23 04:00:00,261.90433
2022-06-23 05:00:00,247.82318
2022-06-23 06:00:00,251.66914
2022-06-23 07:00:00,265.90726
2022-06-23 08:00:00,260.10468
2022-06-23 09:00:00,243.68463
2022-06-23 10:00:00,286.34018
2022-06-23 11:00:00,287.62357
2022-06-23 12:00:00,281.48254
2022-06-23 13:00:00,300.81363
2022-06-23 14:00:00,301.3728
2022-06-23 15:00:00,320.5552
2022-06-23 16:00:00,316.1668
2022-06-23 17:00:00,281.3681
2022-06-23 18:00:00,281.10544
2022-06-23 19:00:00,281.34402
2022-06-23 20:00:00,281.74094
2022-06-23 21:00:00,282.7352
2022-06-23 22:00:00,327.19724
2022-06-23 23:00:00,331.56238
2022-06-24 00:00:00,177.43195
2022-06-24 01:00:00,329.4423
2022-06-24 02:00:00,323.58527
2022-06-24 03:00:00,321.33737
2022-06-24 04:00:00,328.64682
2022-06-24 05:00:00,329.27542
2022-06-24 06:00:00,334.82843
2022-06-24 07:00:00,297.74908
2022-06-24 08:00:00,310.82376
2022-06-24 09:00:00,297.68277
2022-06-24 10:00:00,299.87964
2022-06-24 11:00:00,299.18152
2022-06-24 12:00:00,297.25772
2022-06-24 13:00:00,306.21072
2022-06-24 14:00:00,298.2253
2022-06-24 15:00:00,307.38962
2022-06-24 16:00:00,307.8369
2022-06-24 17:00:00,302.21735
2022-06-24 18:00:00,308.17554
2022-06-24 19:00:00,298.336
2022-06-24 20:00:00,298.7146
2022-06-24 21:00:00,298.54926
2022-06-24 22:00:00,319.4223
2022-06-24 23:00:00,297.84518
2022-06-25 00:00:00,208.48894
2022-06-25 01:00:00,279.93234
2022-06-25 02:00:00,306.7352
2022-06-25 03:00:00,284.95767
2022-06-25 04:00:00,266.05365
2022-06-25 05:00:00,300.91293
2022-06-25 06:00:00,300.68637
2022-06-25 07:00:00,319.95642
2022-06-25 08:00:00,328.79544
2022-06-25 09:00:00,326.78595
2022-06-25 10:00:00,306.92593
2022-06-25 11:00:00,270.69595
2022-06-25 12:00:00,256.20392
2022-06-25 13:00:00,274.347
2022-06-25 14:00:00,274.30173
2022-06-25 15:00:00,282.9708
2022-06-25 16:00:00,299.06924
2022-06-25 17:00:00,327.99518
2022-06-25 18:00:00,350.9738
2022-06-25 19:00:00,348.71222
2022-06-25 20:00:00,353.63773
2022-06-25 21:00:00,348.55795
2022-06-25 22:00:00,342.4288
2022-06-25 23:00:00,328.59906
2022-06-26 00:00:00,149.32701
2022-06-26 01:00:00,305.35928
2022-06-26 02:00:00,301.3376
2022-06-26 03:00:00,302.03226
2022-06-26 04:00:00,298.70474
2022-06-26 05:00:00,300.31668
2022-06-26 06:00:00,292.0031
2022-06-26 07:00:00,285.51886
2022-06-26 08:00:00,296.1232
2022-06-26 09:00:00,296.23373
2022-06-26 10:00:00,295.79724
2022-06-26 11:00:00,298.69077
2022-06-26 12:00:00,295.8542
2022-06-26 13:00:00,294.34085
2022-06-26 14:00:00,288.20108
2022-06-26 15:00:00,284.11935
2022-06-26 16:00:00,303.79352
2022-06-26 17:00:00,312.07742
2022-06-26 18:00:00,350.29352
2022-06-26 19:00:00,345.50406
2022-06-26 20:00:00,319.24863
2022-06-26 21:00:00,308.8488
2022-06-26 22:00:00,305.3434
2022-06-26 23:00:00,306.68915
2022-06-27 00:00:00,186.40114
2022-06-27 01:00:00,313.29666
2022-06-27 02:00:00,310.57407
2022-06-27 03:00:00,310.55737
2022-06-27 04:00:00,317.8596
2022-06-27 05:00:00,294.15558
2022-06-27 06:00:00,308.90823
2022-06-27 07:00:00,272.88162
2022-06-27 08:00:00,271.2196
2022-06-27 09:00:00,270.66647
2022-06-27 10:00:00,265.65372
2022-06-27 11:00:00,257.5218
2022-06-27 12:00:00,261.86505
2022-06-27 13:00:00,261.3235
2022-06-27 14:00:00,259.37152
2022-06-27 15:00:00,236.38383
2022-06-27 16:00:00,265.00607
2022-06-27 17:00:00,311.57013
2022-06-27 18:00:00,266.37018
2022-06-27 19:00:00,263.0442
2022-06-27 20:00:00,266.1617
2022-06-27 21:00:00,271.23907
2022-06-27 22:00:00,271.09485
2022-06-27 23:00:00,316.8347
2022-06-28 00:00:00,200.14345
2022-06-28 01:00:00,300.83322
2022-06-28 02:00:00,283.60455
2022-06-28 03:00:00,292.34943
2022-06-28 04:00:00,303.5575
2022-06-28 05:00:00,303.0215
2022-06-28 06:00:00,323.54834
2022-06-28 07:00:00,278.86993
2022-06-28 08:00:00,279.04572
2022-06-28 09:00:00,303.3725
2022-06-28 10:00:00,310.2749
2022-06-28 11:00:00,332.6457
2022-06-28 12:00:00,316.01614
2022-06-28 13:00:00,295.73315
2022-06-28 14:00:00,275.7644
2022-06-28 15:00:00,264.945
2022-06-28 16:00:00,279.8502
2022-06-28 17:00:00,269.0039
2022-06-28 18:00:00,272.71304
2022-06-28 19:00:00,268.61053
2022-06-28 20:00:00,268.45145
2022-06-28 21:00:00,280.67093
2022-06-28 22:00:00,276.8708
2022-06-28 23:00:00,262.56763
2022-06-29 00:00:00,225.43979
2022-06-29 01:00:00,338.04486
2022-06-29 02:00:00,337.32486
2022-06-29 03:00:00,333.33896
2022-06-29 04:00:00,333.3469
2022-06-29 05:00:00,340.74274
2022-06-29 06:00:00,299.73645
2022-06-29 07:00:00,294.01086
2022-06-29 08:00:00,296.787
2022-06-29 09:00:00,292.06113
2022-06-29 10:00:00,282.8091
2022-06-29 11:00:00,287.22455
2022-06-29 12:00:00,334.20163
2022-06-29 13:00:00,312.8282
2022-06-29 14:00:00,309.58878
2022-06-29 15:00:00,320.80228
2022-06-29 16:00:00,333.50485
2022-06-29 17:00:00,282.8272
2022-06-29 18:00:00,291.17688
2022-06-29 19:00:00,290.46786
2022-06-29 20:00:00,288.62866
2022-06-29 21:00:00,333.57156
2022-06-29 22:00:00,335.50995
2022-06-29 23:00:00,328.80908
2022-06-30 00:00:00,219.8942
2022-06-30 01:00:00,342.15762
2022-06-30 02:00:00,337.46808
2022-06-30 03:00:00,340.7501
2022-06-30 04:00:00,342.63577
2022-06-30 05:00:00,319.19107
2022-06-30 06:00:00,292.01318
2022-06-30 07:00:00,284.83374
2022-06-30 08:00:00,279.2598
2022-06-30 09:00:00,281.05515
2022-06-30 10:00:00,317.59134
2022-06-30 11:00:00,300.68774
2022-06-30 12:00:00,304.7095
2022-06-30 13:00:00,297.62842
2022-06-30 14:00:00,280.56674
2022-06-30 15:00:00,313.83594
2022-06-30 16:00:00,270.2181
2022-06-30 17:00:00,271.8477
2022-06-30 18:00:00,282.2963
2022-06-30 19:00:00,275.10437
2022-06-30 20:00:00,278.42136
2022-06-30 21:00:00,286.0583
2022-06-30 22:00:00,286.11218
2022-06-30 23:00:00,339.0527
